matrix_size,time
600,0.237873
1000,1.108975
1400,3.285378
1800,6.942612
2200,12.797382
2600,21.000629
3000,32.367023
