matrix_size,time
600,0.207912
1000,1.928307
1400,5.669386
1800,20.024737
2200,41.996070
2600,72.292781
3000,118.558558
